en,de,description,file,hash
"Click to load a new captcha","Bitte anklicken, um ein neues Captcha zu laden",,site/modules/FrontendForms/Formelements/Captcha/AbstractCaptcha.php,b52dc33684da9e3d394738b7d0dd2725
"Reload image","Bild neu laden",,site/modules/FrontendForms/Formelements/Captcha/AbstractCaptcha.php,7c89feb583d9e778c3533017b111263d
Captcha,=,,site/modules/FrontendForms/Formelements/Captcha/AbstractCaptcha.php,45d048c35e3cfd449dc0a1b503cd103a
en,de,description,file,hash
"Please select what you see in the image above.","Bitte wählen Sie aus, was sie im Bild oberhalb sehen.",,site/modules/FrontendForms/Formelements/Captcha/AbstractImageCaptcha.php,118f3464042a036c52a1087e923a307e
Animal,Tier,,site/modules/FrontendForms/Formelements/Captcha/AbstractImageCaptcha.php,161e7ce7bfdc89ab4b9f52c1d4c94212
Car,Auto,,site/modules/FrontendForms/Formelements/Captcha/AbstractImageCaptcha.php,e9989db5dabeea617f40c8dbfd07f5fb
Flower,Blume,,site/modules/FrontendForms/Formelements/Captcha/AbstractImageCaptcha.php,338d1f8007f0c84287d9963d5ea36aeb
House,Haus,,site/modules/FrontendForms/Formelements/Captcha/AbstractImageCaptcha.php,aebfe46795575772b7cf413e25caeab9
Lake,See,,site/modules/FrontendForms/Formelements/Captcha/AbstractImageCaptcha.php,bc03219e367d3a4b7b1758c8af598174
Mountain,Berg,,site/modules/FrontendForms/Formelements/Captcha/AbstractImageCaptcha.php,ec9903c79dd510ffa43f69ee867a9002
Tree,Baum,,site/modules/FrontendForms/Formelements/Captcha/AbstractImageCaptcha.php,3b0c14770e6bd663518496da60f524da
"CAPTCHA field for SPAM protection","CAPTCHA als SPAM-Schutz",,site/modules/FrontendForms/Formelements/Captcha/AbstractImageCaptcha.php,2caf429ed0a858c9cb2b6456d1914fe1
en,de,description,file,hash
"This file is not a TrueType font file.","Diese Datei ist keine TrueType Schriftart Datei.",,site/modules/FrontendForms/Formelements/Captcha/AbstractTextCaptcha.php,ad1ca00ca558c196b2ffa224309706e4
"This file does not exist under the specified path","Diese Datei existiert nicht unter dem angegebenen Pfad",,site/modules/FrontendForms/Formelements/Captcha/AbstractTextCaptcha.php,d472945618bae0b84ca5082c7d916966
"Captcha field for security","CAPTCHA Sicherheitsabfrage",,site/modules/FrontendForms/Formelements/Captcha/AbstractTextCaptcha.php,f985413aacdc4d6e125cd3b6fb2a3eae
en,de,description,file,hash
Send,Senden,,site/modules/FrontendForms/Formelements/Miscellaneous/Button.php,94966d90747b97d1f0f206c98a8b1ac3
en,de,description,file,hash
"must be unique. This username is already in use. Please choose another username.","muss eindeutig sein. Dieser Benutzername wird bereits verwendet. Bitte wählen Sie einen anderen aus.",,site/modules/FrontendForms/Formelements/CustomRules.php,5f20144817f8a8a10c0c3e42aaacb234
"and username do not match.","und Benutzername stimmen nicht überein.",,site/modules/FrontendForms/Formelements/CustomRules.php,0692f1d96297b3d3ebb476ecb909b71f
"does not meet the conditions.","erfüllt nicht die Bedingungen.",,site/modules/FrontendForms/Formelements/CustomRules.php,a19a1f724a26244cf7542e78fce6082d
"contains not allowed characters. User name may contain lowercase a-z, 0-9, hyphen or underscore (no whitespaces).","enthält nicht erlaubte Zeichen. Der Benutzername darf nur Kleinbuchstaben a-z, Ziffern 0-9 sowie Bindestriche und Unterstriche (keine Leerzeichen) enthalten.",,site/modules/FrontendForms/Formelements/CustomRules.php,efde12902a00485cee4d631f54f55f81
"must be unique. This email is already in use. Please use another email address.","muss einzigartig sein. Diese E-Mail-Adresse wird schon verwendet. Bitte verwenden Sie eine andere E-Mail-Adresse.",,site/modules/FrontendForms/Formelements/CustomRules.php,b413595e71b40c70836a66e8f056896d
"entered is not the same password as the one, that is stored in the database.","ist nicht das gleiche Passwort wie jenes, welches in der Datenbank gespeichert ist.",,site/modules/FrontendForms/Formelements/CustomRules.php,8233c64b0291b99ef0d07c47db79105a
"and email do not match.","und E-Mail stimmen nicht überein.",,site/modules/FrontendForms/Formelements/CustomRules.php,c557836813d5c70d5972372d2a7a9ed4
"is not Boolean true.","ist nicht boolesch wahr.",,site/modules/FrontendForms/Formelements/CustomRules.php,d31207aca9f42e43d83c917e59838466
"is not Boolean false.","ist nicht boolesch falsch.",,site/modules/FrontendForms/Formelements/CustomRules.php,42debde15fa968c06bc0d5b38d569ee1
"does not have the expected value.","hat nicht den erwarteten Wert.",,site/modules/FrontendForms/Formelements/CustomRules.php,3bfd649d64d7881e876082ba4296ea72
"is not correct.","ist nicht richtig.",,site/modules/FrontendForms/Formelements/CustomRules.php,2f7e4c69803bcbdc44e9404b3e3ac19b
"entered must be different than the value specified.","muss sich von dem angegebenen Wert unterscheiden.",,site/modules/FrontendForms/Formelements/CustomRules.php,d5aa7f638be76a8922285c2a5fffe4c7
"entered must be different from the old password.","muss sich vom alten Passwort unterscheiden.",,site/modules/FrontendForms/Formelements/CustomRules.php,9dc911237765edb7f22808f0b2102b63
"value entered is not correct.","Wert ist nicht korrekt.",,site/modules/FrontendForms/Formelements/CustomRules.php,4d9ecb529945a9c05dc622c41cb7ab08
"value is in the list of the most popular passwords and therefore not save. Please select another one.","ist in der Liste der beliebtesten Passwörter und wird daher nicht gespeichert. Bitte wählen Sie ein anderes aus.",,site/modules/FrontendForms/Formelements/CustomRules.php,5da3ffa343c2825257dc7f7b35b1ff21
"is larger than the allowed filesize.","ist größer als die zulässige Dateigröße von %s.",,site/modules/FrontendForms/Formelements/CustomRules.php,05e14bb8d5644c5393b8ba6b3047cd2c
"caused an error during the upload.","verursachte einen Fehler beim Hochladen.",,site/modules/FrontendForms/Formelements/CustomRules.php,e73de70795c028bc6fabdaf499a9e38f
"does not belong to the allowed file types: %s.","ist nicht vom Typ der  erlaubten Dateitypen: %s.",,site/modules/FrontendForms/Formelements/CustomRules.php,e9104007e1d2a05266de336a3d10a55b
"is larger than the max. allowed filesize.","ist größer als die max. zulässige Dateigröße.",,site/modules/FrontendForms/Formelements/CustomRules.php,2588b342e65a171fe8e5433b310a9223
"is of one of the forbidden file types: %s.","ist vom Typ der verbotenen Dateitypen: %s.",,site/modules/FrontendForms/Formelements/CustomRules.php,7d0b6ffe466c0b12216be0168d5c2136
"is not a valid time. You have to enter the time in this format: HH:MM:SS (fe. 19:00:00)","ist keine gültige Zeitangabe. Sie müssen die Zeit im Format HH:MM:SS (z.B. 19:00:00) eingeben",,site/modules/FrontendForms/Formelements/CustomRules.php,f0c45ecb171ec186a5dbc0ce9957c073
"is not a valid month. You have to enter the month in this format including the year: YYYY-MM (fe. 2023-06)","ist keine gültige Monatsangabe. Sie müssen das Monat (inklusive Jahr) im Format YYYY-MM (z.B 2023-06) eingeben",,site/modules/FrontendForms/Formelements/CustomRules.php,cba20ded2eec02144db964c8fab90000
"is not a valid week. You have to enter the week in this format including the year: YYYY-Www (fe. 2023-W06)","ist keine gültige Wochenangabe. Sie müssen die Woche (inklusive Jahr) im Format YYYY-Www (z.B 2023-W06) eingeben",,site/modules/FrontendForms/Formelements/CustomRules.php,fb6eb0f6821ca0cfffc7fb19fc2b1dde
"is not a valid hexadecimal color code.","ist kein gültiger Hexadecimal-Farbcode.",,site/modules/FrontendForms/Formelements/CustomRules.php,47d0b991eb42ea41be94a77c66ad608b
"must be before %s.","muss ein Datum vor %s sein.",,site/modules/FrontendForms/Formelements/CustomRules.php,631c49fb2a0a41ae81fb7c7dc09a6571
"must be after %s.","muss ein Datum nach %s sein.",,site/modules/FrontendForms/Formelements/CustomRules.php,b83a396a69b272c4b79df4a61c18009f
"must be within the allowed time range.","muss ein Datum innerhalb des erlaubten Zeitraumes sein.",,site/modules/FrontendForms/Formelements/CustomRules.php,265d89403b5c013461609c89ab268bc7
"must be outside the forbidden time range.","muss ein Datum außerhalb des verbotenen Zeitraumes sein.",,site/modules/FrontendForms/Formelements/CustomRules.php,0f3f63f95068a11bfa7ad25ca209fedc
en,de,description,file,hash
"Image captcha","Bild CAPTCHA",,site/modules/FrontendForms/Formelements/Captcha/variants/DefaultImageCaptcha.php,1e27db1c7a9a959ca4cd75964525fa2d
"Assign the image to a category","Ordnen sie das Bild einer Kategorie zu",,site/modules/FrontendForms/Formelements/Captcha/variants/DefaultImageCaptcha.php,5972e22698d0e9faba6397ce1b6b6f74
en,de,description,file,hash
"Random string captcha","Zufallstext Captcha",,site/modules/FrontendForms/Formelements/Captcha/variants/DefaultTextCaptcha.php,7c62e8d4b13ecc03f28bb44905a5ec51
"Enter the text from the image in the input field.","Geben Sie den Text aus dem Bild in das Eingabefeld ein.",,site/modules/FrontendForms/Formelements/Captcha/variants/DefaultTextCaptcha.php,3c6c9439c3e38d0da29b7629a300c3c5
en,de,description,file,hash
Email,E-Mail,,site/modules/FrontendForms/Formelements/Inputelements/Inputs/defaults/Email.php,ce8ae9da5b7cd6c3df2929543a9af92d
en,de,description,file,hash
"contains non-ascii characters.","enthält Nicht-ASCII-Zeichen.",,site/modules/FrontendForms/valitron/errormessages.php,2e6530ea732a56c9eed09d995a64be55
"is required.","ist erforderlich.",,site/modules/FrontendForms/valitron/errormessages.php,ee66f9c9930cb33d2a5dde9b240d3f7e
"must be the same as %s.","muss mit %s identisch sein.",,site/modules/FrontendForms/valitron/errormessages.php,c3e99e59b3b51e343792bdf6ce436df9
"must be different than %s.","muss sich von %s unterscheiden.",,site/modules/FrontendForms/valitron/errormessages.php,61cfe2e511129ea95796b676de390540
"must be accepted.","muss akzeptiert werden.",,site/modules/FrontendForms/valitron/errormessages.php,5ff975f896afc1a3d44f7e5cf2523562
"must be numeric.","muss numerisch sein.",,site/modules/FrontendForms/valitron/errormessages.php,75872da653850e5b56523af104ac02ad
"must be an integer.","muss eine Ganzzahl sein.",,site/modules/FrontendForms/valitron/errormessages.php,81495f3842f92cd64795702e235405e6
"must be %s characters long.","muss %s Zeichen lang sein.",,site/modules/FrontendForms/valitron/errormessages.php,f87f5f2581a89c78c83ac7f3aed4f44d
"must be at least %s.","muss größer als %s sein.",,site/modules/FrontendForms/valitron/errormessages.php,b51bf268215336cb80ace35cff438844
"must be no more than %s.","muss kleiner als %s sein.",,site/modules/FrontendForms/valitron/errormessages.php,0691a08af1a152688286eb8add501c7a
"contains invalid value.","enthält einen ungültigen Wert.",,site/modules/FrontendForms/valitron/errormessages.php,803beb393544dd8a3ab29e2691b80f30
"is not a valid IP address.","ist keine gültige IP-Adresse.",,site/modules/FrontendForms/valitron/errormessages.php,f67e06439cbd618893452c020dbc1f84
"is not a valid IPv4 address.","ist keine gültige IPv4-Adresse.",,site/modules/FrontendForms/valitron/errormessages.php,1217bb805238358651e226239f031863
"is not a valid IPv6 address.","ist keine gültige IPv6-Adresse.",,site/modules/FrontendForms/valitron/errormessages.php,58f0671d229a1a23c95be8cc20636dc9
"is not a valid email address.","ist keine gültige E-Mail-Adresse.",,site/modules/FrontendForms/valitron/errormessages.php,89d61ec4bae366d43110c39f661a67e7
"is not a valid email address, because an active DNS record could not be found.","ist keine gültige E-Mail-Adresse, da kein aktiver DNS-Eintrag gefunden werden konnte.",,site/modules/FrontendForms/valitron/errormessages.php,e16866d3a2aeb2dd82f0ac06e67abf99
"is not a valid URL.","ist keine gültige URL.",,site/modules/FrontendForms/valitron/errormessages.php,9c5e4caaddc4981285aef0c974929410
"must be an active domain.","muss eine aktive Domäne sein.",,site/modules/FrontendForms/valitron/errormessages.php,405af4194051a23541c1e05ee21d5fde
"must contain only letters a-z.","darf nur Buchstaben enthalten.",,site/modules/FrontendForms/valitron/errormessages.php,6fa45c5bcf153f480b9281dd1869a75c
"must contain only letters a-z and/or numbers 0-9.","darf nur Buchstaben und/oder die Ziffern 0-9 enthalten.",,site/modules/FrontendForms/valitron/errormessages.php,4c2a73271ed51ceba27bb5d6a19bad5e
"must contain only letters a-z, numbers 0-9, dashes and underscores.","darf nur die Buchstaben, Ziffern von 0-9, Bindestriche und Unterstriche enthalten.",,site/modules/FrontendForms/valitron/errormessages.php,8f4e0f444527dd742530675c121c03d5
"contains invalid characters.","enthält ungültige Zeichen.",,site/modules/FrontendForms/valitron/errormessages.php,e58b6d2840b3789206a02fbde99a0b8e
"is not a valid date.","ist kein gültiges Datum.",,site/modules/FrontendForms/valitron/errormessages.php,38ec50423094dafeb375e91cdd2465db
"must be a date in the format %s.","muss ein Datum im Format %s sein.",,site/modules/FrontendForms/valitron/errormessages.php,ab2918e64139bf4338d017157fd502bb
"must be a date before %s.","muss ein Datum vor %s sein.",,site/modules/FrontendForms/valitron/errormessages.php,d8a0511946c3db07a440988df95a5886
"must be a date after %s.","muss ein Datum nach %s sein.",,site/modules/FrontendForms/valitron/errormessages.php,df46f2ba544e38477259e7543ae35656
"must contain %s.","muss %s enthalten.",,site/modules/FrontendForms/valitron/errormessages.php,ca2cf8d958faf269597e9ed8a17f2e8a
"must be a boolean.","muss ein Wahrheitswert sein.",,site/modules/FrontendForms/valitron/errormessages.php,4776fea62d0eb6aad4b7b407f94577f7
"must be between %s and %s characters.","muss zwischen %s und %s Zeichen lang sein.",,site/modules/FrontendForms/valitron/errormessages.php,496a6f57f86df1a3dca456809557ce2d
"must be a valid credit card number.","muss eine gültige Kreditkartennummer sein.",,site/modules/FrontendForms/valitron/errormessages.php,da8c3186551908c612175e3fd131008c
"must be at least %s characters long.","muss mindestens %s Zeichen lang sein.",,site/modules/FrontendForms/valitron/errormessages.php,e182229cb2673058e47817337b731535
"must not exceed %s characters.","darf %s Zeichen nicht überschreiten.",,site/modules/FrontendForms/valitron/errormessages.php,0469824161acd62b71bbb34072cb7bcb
"must be an instance of %s.","muss eine Instanz von %s sein.",,site/modules/FrontendForms/valitron/errormessages.php,f5af264fb5c442dc9766f1984f2d8692
"must contain unique elements only.","darf nur einzigartige Elemente enthalten.",,site/modules/FrontendForms/valitron/errormessages.php,76117bca0e24c5caf8645279712c42a6
"contains an item that is not in the list.","enthält ein Element, welches nicht in der Liste enthalten ist.",,site/modules/FrontendForms/valitron/errormessages.php,3fb8919799ddfdba930fbb44f484fbd1
"does not contain all required keys.","enthält nicht alle erforderlichen Schlüssel.",,site/modules/FrontendForms/valitron/errormessages.php,3f27bc263791779a69e946f06e55bf8d
en,de,description,file,hash
"Even string captcha","Jedes zweite Zeichen Captcha",,site/modules/FrontendForms/Formelements/Captcha/variants/EvenCharacterTextCaptcha.php,07919a26035f7d7aaec32087cc2c0b4d
"Enter every second character of the text from the image in the input field.","Geben Sie jedes zweite Zeichen vom Text aus dem Bild in das Eingabefeld ein.",,site/modules/FrontendForms/Formelements/Captcha/variants/EvenCharacterTextCaptcha.php,923fb30f185465aa974330e30a9a97c7
en,de,description,file,hash
"Upload multiple files","Laden Sie mehrere Dateien hoch",,site/modules/FrontendForms/Formelements/Inputelements/Inputs/defaults/FileUploadMultiple.php,c837009ce96fdfc1615d310bc667f996
en,de,description,file,hash
"Upload single file","Laden Sie eine Datei hoch",,site/modules/FrontendForms/Formelements/Inputelements/Inputs/defaults/FileUploadSingle.php,e14f1d680e8b3d40bc2744468332eb46
en,de,description,file,hash
"This email was generated automatically. So please do not reply to this email.","Diese E-Mail wurde automatisch erstellt. Bitte antworten Sie daher nicht auf diese E-Mail Adresse.",,site/modules/FrontendForms/Formelements/Form.php,fa1cb3adb3f8108c13402b3f24ca237b
Domain,=,,site/modules/FrontendForms/Formelements/Form.php,eae639a70006feff484a39363c977e24
"Visited page","Besuchte Seite",,site/modules/FrontendForms/Formelements/Form.php,1148d7bddfe056b3cc5a4fcf68227d19
IP,=,,site/modules/FrontendForms/Formelements/Form.php,a12a3079e14ced46e69ba52b8a90b21a
Date/time,Datum/Zeit,,site/modules/FrontendForms/Formelements/Form.php,b6e43da299780697382d42fc98d3959c
Time,Zeit,,site/modules/FrontendForms/Formelements/Form.php,a76d4ef5f3f6a672bbfab2865563e530
Date,Datum,,site/modules/FrontendForms/Formelements/Form.php,44749712dbec183e983dcd78a7736c41
Username,Benutzername,,site/modules/FrontendForms/Formelements/Form.php,f6039d44b29456b20f8f373155ae4973
Browser,=,,site/modules/FrontendForms/Formelements/Form.php,ef15fd2f45e6bb5ce57587895ba64f93
"This is an auto generated message, please do not reply.","Dies ist eine automatisch generierte Nachricht. Bitte antworten sie nicht darauf.",,site/modules/FrontendForms/Formelements/Form.php,665de5f0541888cc1c06e12ad167e513
"%s is not a valid IP address.","%s ist keine gültige IP-Adresse",,site/modules/FrontendForms/Formelements/Form.php,cae724dd18de0c8ca83d1e05bc546dbd
"All fields marked with (*) are mandatory and must be completed.","Alle Felder, welche mit (*) markiert sind, stellen Pflichtfelder dar und müssen in jeden Fall ausgefüllt werden.",,site/modules/FrontendForms/Formelements/Form.php,feaed8b52507d421a9953e0a9ec9a687
"Thank you for your message.","Vielen Dank für Ihre Nachricht.",,site/modules/FrontendForms/Formelements/Form.php,a0e0f33630289d49200c61cac7900200
"Sorry, some errors occur. Please check your inputs once more.","Es sind leider Fehler aufgetreten. Bitte überprüfen Sie Ihre Eingaben noch einmal.",,site/modules/FrontendForms/Formelements/Form.php,552663e8ba6eb0a7c5c16727f8d19bcc
"Please do not fill out this field","Bitte dieses Feld nicht ausfüllen",,site/modules/FrontendForms/Formelements/Form.php,e02d8cd38e0f708a9633f46793e31a27
"The captcha","Das Captcha","captcha is always required",site/modules/FrontendForms/Formelements/Form.php,db41a5e06772ec7af38969d41547cf7d
"The value entered from the captcha","Der Wert, der in das Captchafeld eingegeben wurde",,site/modules/FrontendForms/Formelements/Form.php,ca5c5dfc3309a5e8882e812f751fa648
attempts,Versuche,,site/modules/FrontendForms/Formelements/Form.php,79845fb11e473b1a0811ca2543f04b9c
attempt,Versuch,,site/modules/FrontendForms/Formelements/Form.php,1db222fece0e7454c122788bf892adf8
"You have %s %s left until you will be blocked due to security reasons.","Sie haben noch %s %s übrig, bis Sie aus Sicherheitsgründen gesperrt werden.",,site/modules/FrontendForms/Formelements/Form.php,45010ad705310127fdc90740a9ffd232
"This is failed attempt number %s. This is your last attempt to send the form. After that you will be blocked due to security reasons.","Dies ist Fehlversuch %s. Sie haben noch einen Versuch das Formular erfolgreich abzusenden. Danach werden Sie aus Sicherheitsgründen gesperrt.",,site/modules/FrontendForms/Formelements/Form.php,47ad76bd199affac60644bad8dcb8061
"We are sorry, but your IP address %s is on the list of forbidden IP addresses. Therefore the form will not be displayed. If you think your IP address is mistakenly on the list, please contact the administrator of the site.","Es tut uns leid, aber Ihre IP-Adresse %s steht auf der Liste der verbotenen IP-Adressen. Daher wird das Formular nicht angezeigt. Wenn Sie glauben, dass Ihre IP-Adresse fälschlicherweise auf der Liste steht, wenden Sie sich bitte an den Administrator der Website.",,site/modules/FrontendForms/Formelements/Form.php,092284a62a0f8c62fa528c0cfd3d157c
"You have reached the max. number of allowed attempts and therefore you cannot submit the form once more. To reset the blocking and to submit the form anyway you have to close this browser, open it again and visit this page once more.","Sie haben die max. Anzahl von Versuchen erreicht und aus diesem Grund können Sie das Formular nun nicht mehr absenden. Um die Sperrung aufzuheben und das Formular dennoch abzusenden schließen Sie bitte den Browser, öffnen ihn erneut und besuchen Sie diese Seite noch einmal.",,site/modules/FrontendForms/Formelements/Form.php,9604672fb8882c926b1fcf42c89576d7
year,Jahr,,site/modules/FrontendForms/Formelements/Form.php,84cdc76cabf41bd7c961f6ab12f117d8
years,Jahre,,site/modules/FrontendForms/Formelements/Form.php,75aeb98e5241592ad6a6c2c4c78a16ef
month,Monat,,site/modules/FrontendForms/Formelements/Form.php,7436f942d5ea836cb84f1bb2527d8286
months,Monate,,site/modules/FrontendForms/Formelements/Form.php,da36cfaf48b9e19896e23e1207040d1e
day,Tag,,site/modules/FrontendForms/Formelements/Form.php,628b7db04235f228d40adc671413a8c8
days,Tage,,site/modules/FrontendForms/Formelements/Form.php,44fdec47036f482b68b748f9d786801b
hour,Stunde,,site/modules/FrontendForms/Formelements/Form.php,896c55cc5e46fab38ce9f51ebf7bfcd3
hours,Stunden,,site/modules/FrontendForms/Formelements/Form.php,73cdddd7730abfc13a55efb9f5685a3b
minute,Minute,,site/modules/FrontendForms/Formelements/Form.php,0a7d55be9d12a369a6a8da0fb517fba4
minutes,Minuten,,site/modules/FrontendForms/Formelements/Form.php,640fd0cc0ffa0316ae087652871f4486
second,Sekunde,,site/modules/FrontendForms/Formelements/Form.php,a9f0e61a137d86aa9db53465e0801612
seconds,Sekunden,,site/modules/FrontendForms/Formelements/Form.php,783e8e29e6a8c3e22baa58a19420eb4f
"Email could not be sent due to possible wrong email configuration settings.","E-Mail konnte aufgrund einer fehlerhaften Konfiguration in den Einstellungen nicht gesendet werden.",,site/modules/FrontendForms/Formelements/Form.php,72cf6df09879e3c5e34778bf6f1bc965
en,de,description,file,hash
"seconds left","Sekunden übrig",plural,site/modules/FrontendForms/Formelements/FormValidation.php,c2d918e53348ee8896137bec79036f84
"second left","Sekunde übrig",singular,site/modules/FrontendForms/Formelements/FormValidation.php,1793e600a6822489f25244c196a05085
"You have submitted the form within %s. This seems pretty fast for a human. Your behavior is more similar to a Spam bot. Please wait at least %s until you submit the form once more.","Sie haben das Formular innerhalb von %s abgeschickt. Das scheint für einen Menschen ziemlich schnell zu sein. Ihr Verhalten ähnelt eher einem Spam-Bot. Bitte warten Sie mindestens %s, bis Sie das Formular erneut absenden.",,site/modules/FrontendForms/Formelements/FormValidation.php,1196c16ef68e26acc46dae99fcc50522
"You have submitted the form after %s. This seems pretty slow for a human. Your behavior is more similar to a Spam bot. Please submit the form within %s the next time. You are blocked now and you have to close the browser to unlock, open it again and visit this page once more.","Sie haben das Formular nach %s abgeschickt. Das scheint für einen Menschen ziemlich langsam zu sein. Ihr Verhalten ähnelt eher einem Spam-Bot. Bitte reichen Sie das Formular das nächste Mal innerhalb von %s ein. Sie sind jetzt blockiert und müssen den Browser schließen. Um die Sperrung aufzuheben, öffnen Sie danach diese Seite erneut.",,site/modules/FrontendForms/Formelements/FormValidation.php,2447d344db3fb15973b24ddd51a615b8
month,Monat,,site/modules/FrontendForms/Formelements/FormValidation.php,7436f942d5ea836cb84f1bb2527d8286
week,Woche,,site/modules/FrontendForms/Formelements/FormValidation.php,172a8327fcd3685ab3c0f740d031da09
day,Tag,,site/modules/FrontendForms/Formelements/FormValidation.php,628b7db04235f228d40adc671413a8c8
hour,Stunde,,site/modules/FrontendForms/Formelements/FormValidation.php,896c55cc5e46fab38ce9f51ebf7bfcd3
minute,Minute,,site/modules/FrontendForms/Formelements/FormValidation.php,0a7d55be9d12a369a6a8da0fb517fba4
second,Sekunde,,site/modules/FrontendForms/Formelements/FormValidation.php,a9f0e61a137d86aa9db53465e0801612
months,Monate,,site/modules/FrontendForms/Formelements/FormValidation.php,da36cfaf48b9e19896e23e1207040d1e
weeks,Wochen,,site/modules/FrontendForms/Formelements/FormValidation.php,ae60f11ab51860bdb22794a943335a34
days,Tage,,site/modules/FrontendForms/Formelements/FormValidation.php,44fdec47036f482b68b748f9d786801b
hours,Stunden,,site/modules/FrontendForms/Formelements/FormValidation.php,73cdddd7730abfc13a55efb9f5685a3b
minutes,Minuten,,site/modules/FrontendForms/Formelements/FormValidation.php,640fd0cc0ffa0316ae087652871f4486
seconds,Sekunden,,site/modules/FrontendForms/Formelements/FormValidation.php,783e8e29e6a8c3e22baa58a19420eb4f
and,und,,site/modules/FrontendForms/Formelements/FormValidation.php,be5d5d37542d75f93a87094459f76678
en,de,description,file,hash
"GD library is not installed/enabled. Please install/enable it to be able to use CAPTCHA images.","Die GD-Bibliothek ist nicht installiert/aktiviert. Bitte installieren/aktivieren Sie diese, um die CAPTCHA-Funktion verwenden zu können.",,site/modules/FrontendForms/FrontendForms.module,3f73c9dc2eed9de2758f0bf0c32893f4
"Sorry, but the file including the password list could not be downloaded from GitHub.","Leider konnte die Datei, welche die Passwörter enthält, nicht von GitHub heruntergeladen werden.",,site/modules/FrontendForms/FrontendForms.module,0e482f9f5b5ee24fc1c79e192f3e775f
"The password blacklist has been updated manually.","Die Passwort-Blacklist wurde manuell aktualisiert.",,site/modules/FrontendForms/FrontendForms.module,8c1cf6d64804d4ace27e32e7328ba784
"The IP address %s was added to the IP blacklist.","Die IP-Adresse %s wurde zur IP-Blacklist hinzugefügt.",,site/modules/FrontendForms/FrontendForms.module,3c9c17c611ca47bc9a610fff9ab8a41e
"The IP address %s was removed from the IP blacklist.","Die IP-Adresse %s wurde von der IP-Blacklist entfernt.",,site/modules/FrontendForms/FrontendForms.module,b537ea59941fa9c24d70efa853c70b20
"Blacklist of passwords from the module FrontendForms was updated","Die Blacklist der Passwörter vom Modul FrontendForms wurde aktualisiert",,site/modules/FrontendForms/FrontendForms.module,a4738ea29c2c5ace3adeefbcc56f593c
"%s is not a valid IP address and has therefore been deleted.","%s ist keine gültige IP-Adresse und wurde daher gelöscht.",,site/modules/FrontendForms/FrontendForms.module,143f13c4b36b268ecbc7a7e80e7a7660
"%s is not a valid color code and has therefore been deleted.","%s ist kein gültiger Farbcode und wurde daher gelöscht.",,site/modules/FrontendForms/FrontendForms.module,1553a16436f49f007d1ccc3ad6da67be
"The color code %s does not correspond to a valid color code in HEX format and has therefore been reset to the default value %s.","Der Farbcode %s entspricht keinem gültigen Farbcode im HEX-Format und wurde daher auf den Standardwert %s zurückgesetzt.",,site/modules/FrontendForms/FrontendForms.module,8af25e171cbe1bc3c510609cef747360
"Enter a date format in PHP dateformat syntax (fe Y-m-d). %s","Geben Sie ein Datumsformat in der PHP-Dateformat-Syntax ein (z. B. Y-m-d). %s",,site/modules/FrontendForms/FrontendForms.module,05d5bf0f900e06d69f77a037499e4d0f
" The default format is %s","Das Standardformat ist %s",,site/modules/FrontendForms/FrontendForms.module,8b9e799eb009d097d46c45aae0a90b83
"Enter a time format in PHP dateformat syntax (fe H:i:s). %s","Geben Sie ein Zeitformat in der PHP-Dateformat-Syntax ein (z. B. H:i:s). %s",,site/modules/FrontendForms/FrontendForms.module,a959f5151c4d15bf318ece417a112b4e
"This can be overwritten on the form by using this method","Diese Einstellung kann mit dieser Methode auf dem Formular überschrieben werden",,site/modules/FrontendForms/FrontendForms.module,2047dbfc9f2dc1e1932ba5b3e5348e1e
"This can be overwritten on the form by using these methods","Dies Einstellungen können mit diesen Methoden auf dem Formular überschrieben werden",,site/modules/FrontendForms/FrontendForms.module,d248bc06fcb2345c55dfd44c687e8210
"Use this method to test, if IP ban works. Enter the IP address that should be tested.","Verwenden Sie diese Methode, um zu testen, ob das IP-Verbot funktioniert. Geben Sie die IP-Adresse ein, die getestet werden soll.",,site/modules/FrontendForms/FrontendForms.module,ae3f9d4b86fc69e0ada3f76bf6e57e52
Seconds,Sekunden,,site/modules/FrontendForms/FrontendForms.module,8f19a8c7566af54ea8981029730e5465
Attempts,Versuche,,site/modules/FrontendForms/FrontendForms.module,7ba3b8236d48d4f4c5ec03c3fe6b75a9
Colors,Farben,,site/modules/FrontendForms/FrontendForms.module,5d50889672f6f860d14f502de3de1957
Lines,Linien,,site/modules/FrontendForms/FrontendForms.module,a0b0293a2db49f5f93c15a62e095c819
"Opens in a new window","Öffnet in einem neuen Fenster",,site/modules/FrontendForms/FrontendForms.module,de25d7fa7d62d750a846b81dcb3b37f9
"More detailed information about the IP %s at www.domaintools.com","Genauere Informationen über die IP-Adresse %s auf www.domaintools.com",,site/modules/FrontendForms/FrontendForms.module,294f7882d547e02ee8934197e3ee43f7
"Failed attempts for IP %s","Fehlerhafte Versuche für die IP-Adresse %s",,site/modules/FrontendForms/FrontendForms.module,c7c54e3411829686d669490ff05d0094
Date,Datum,,site/modules/FrontendForms/FrontendForms.module,44749712dbec183e983dcd78a7736c41
URL,=,,site/modules/FrontendForms/FrontendForms.module,e6b391a8d2c4d45902a23a8b6585703d
Form-ID,Formular-ID,,site/modules/FrontendForms/FrontendForms.module,de2beed414f268855270166b3474b45a
"IP address",IP-Adresse,,site/modules/FrontendForms/FrontendForms.module,75ba8d70e3692ba200f0e0df37b4d2ae
User,Benutzer,,site/modules/FrontendForms/FrontendForms.module,8f9bfe9d1345237cb3b2b205864da075
"Blacklist entry","Blacklist Eintrag",,site/modules/FrontendForms/FrontendForms.module,59deadcbf685b2ad32b7668720ce083d
"Number of blocks","Anzahl der Sperrungen",,site/modules/FrontendForms/FrontendForms.module,02281719187ced2a9763531b2d5cde35
Details,=,,site/modules/FrontendForms/FrontendForms.module,3ec365dd533ddb7ef3d1c111186ce872
"Add/remove IP from blacklist","Hinzufügen/entfernen der IP von der Black List",,site/modules/FrontendForms/FrontendForms.module,9b63ca019aacfd9a7917473e1720afbb
"View details","Details anzeigen",,site/modules/FrontendForms/FrontendForms.module,6e9783376d951cfd780e9fdb67a0f02c
"Remove from blacklist","Von der Blacklist entfernen",,site/modules/FrontendForms/FrontendForms.module,5ad3137edf46035a9faf9432f7cd0522
"Add to blacklist","Zur Blacklist hinzufügen",,site/modules/FrontendForms/FrontendForms.module,218ccb4c1ea08f5bfb6cd390c3ba94e5
"Sorry, but there is not data available. Please check if logging is enabled.","Es sind leider keine Daten vorhanden. Bitte überprüfen Sie ob das loggen aktiviert is.",,site/modules/FrontendForms/FrontendForms.module,ee765dab27b2a05c8e2f670c2e6968ad
"Markup and styling settings for the forms","Markup und Styling Einstellung für die Formulare",,site/modules/FrontendForms/FrontendForms.module,7a07ed63e2a6c4a1c8119b711075aff2
"Make your global settings for the output. Most of the settings can be overwritten on per form base if needed.","Tätigen Sie Ihre globalen Einstellungen für die Ausgabe. Die meisten dieser Einstellungen können für jedes Formular überschrieben werden.",,site/modules/FrontendForms/FrontendForms.module,93acc85a7149f81e94ce8c38c98301b0
"Settings for required fields","Einstellungen für die Pflichtfelder",,site/modules/FrontendForms/FrontendForms.module,6175c8574382c56b54af9989e0bbf521
"Asterisk for required field","Asterisk für Pflichtfelder",,site/modules/FrontendForms/FrontendForms.module,6e84806e22592cd29d58f62816fc69df
"Add an asterisk on required fields after the label tag.","Einen Asterisk nach dem Label-Tag zu Pflichtfeldern hinzufügen.",,site/modules/FrontendForms/FrontendForms.module,dffe9621d38ef2d6cde5d19b8a5fad89
"Adds a span element with an asterisk after the field label on required fields (<span class=""asterisk"">*</span>).","Fügt ein span element mit einem Asterisk nach dem Label-Tag bei Pflichtfeldern hinzu (<span class=""asterisk"">*</span>).",,site/modules/FrontendForms/FrontendForms.module,ac4210c3245df9966263e8bc71a1836c
"You can also use CSS pseudo class :after to add an asterisk to the label tag. For this reason you can disable the asterisk markup.","Sie können auch die CSS Pseudo-Klasse :after nutzen um einen Asterisk nach dem Label Tag einzufügen. Aus diesem Grund können Sie die Einfügung des Asterisk Mark-up unterbinden.",,site/modules/FrontendForms/FrontendForms.module,52fe89faf69cb2128424b868ece04de9
"Do not show hint for required fields","Keinen Hinweis für Pflichtfelder anzeigen",,site/modules/FrontendForms/FrontendForms.module,84dfb4afaa9b4a8beafb21f1eddc74a9
"Show hint for required fields on top","Hinweis für Pflichtfelder oben anzeigen",,site/modules/FrontendForms/FrontendForms.module,86172a610c2ef5eba8f95d683853535a
"Show hint for required fields on bottom","Hinweis für Pflichtfelder unten anzeigen",,site/modules/FrontendForms/FrontendForms.module,fd7afae8d1a6c5f8b586dd648f2edb34
"Disable displaying of the text (none), place the text before (top) or after (bottom) the form.","Die Anzeige des Textes unterbinden (kein), den Text vor (oben) oder nach (unten) dem Formular anzeigen.",,site/modules/FrontendForms/FrontendForms.module,8842b7eaca395f94ccf4247a3dec7fb2
"Enable/disable the display of the required text and set the position","Anzeigen/verstecken der Anzeige des Textes für die Pflichtfelder und Festsetzung der Position",,site/modules/FrontendForms/FrontendForms.module,419482be203a6d6e6ca5dfab534db3c4
"Can be overwritten on each form.","Kann bei jedem Formular überschrieben werden.",,site/modules/FrontendForms/FrontendForms.module,a310d89389c61c1262dc8b170e54b418
"Hint for visitors that all required fields have to be filled out","Der Hinweistext für Besucher, dass alle Pflichtfelder ausgefüllt werden müssen",,site/modules/FrontendForms/FrontendForms.module,5119a3299816914535285e9a1ce65c89
"This text will be displayed on the form depending on your settings.","Dieser Text wird entsprechend ihren Einstellungen angezeigt.",,site/modules/FrontendForms/FrontendForms.module,d7c2c8b972d23974722479d00df373b9
"If nothing is entered, a default text will be displayed instead.","Wenn nichts eingegeben wird, dann wird stattdessen ein Standardtext verwendet.",,site/modules/FrontendForms/FrontendForms.module,4f391e9c54871cb2ba07440e4dcde2f8
"Settings for messages after form submission","Einstellungen für Meldungen nach dem Absenden des Formulars",,site/modules/FrontendForms/FrontendForms.module,365bb743041cffedef0b75f080a11457
"The message after successful submission","Text nach erfolgreicher Absendung des Formulars",,site/modules/FrontendForms/FrontendForms.module,a30590d3607a49d08ba70125889fdc4c
"This text will be displayed after a form was submitted successfully.","Dieser Text wird angezeigt, nachdem das Formular erfolgreich gesendet wurde.",,site/modules/FrontendForms/FrontendForms.module,b9490a4a1dbf80bf51629efa398fd4c4
"The message after submission failed","Text nach fehlgeschlagener Absendung des Formulars",,site/modules/FrontendForms/FrontendForms.module,98a115741f55482456b6723baeced037
"This text will be displayed after errors on form submission.","Dieser Text wird angezeigt, nachdem Fehler beim Versuch das Formular zu senden aufgetreten sind.",,site/modules/FrontendForms/FrontendForms.module,99bc0368b6b8e031527fc78678727a3a
"Settings for the markup and styling of the form and the input fields","Einstellungen für das Markup und Styling der Formulare und Eingabefelder",,site/modules/FrontendForms/FrontendForms.module,8a1577b8f1c200d0151b7eed3147615a
"Add wrappers to the form fields","Wrapper Container zu Formularfelder hinzufügen",,site/modules/FrontendForms/FrontendForms.module,498dd7c80478c5b43acfd468ce925bf6
"Add wrapper div for the inputfield (input wrapper)","Einen Wrapper Container zum Input-Feld hinzufügen (input wrapper)",,site/modules/FrontendForms/FrontendForms.module,418fa1a1a214848b688ca0929d30fdf1
"Add outer wrapper div for each formfield (field wrapper)","Einen äußeren Wrapper-Conainer zu jedem Formular-Feld hinzufügen (field wrapper)",,site/modules/FrontendForms/FrontendForms.module,02edb6924c99d44eac912630d17ee98b
"Add an additional wrapper div after opening and before closing form tag","Einen zusätzlichen Wrapper-Container zwischen dem öffnenden und schließenden Form Tag hinzufügen",,site/modules/FrontendForms/FrontendForms.module,bccc224dcd0922cf59461e2d3f29dc14
"Add a wrapper div over all form elements","Einen Wrapper-Container über alle Formularfelder hinzufügen",,site/modules/FrontendForms/FrontendForms.module,276d962ba9474e7cd0f834019b88c00a
"In some rare cases you need to wrap all form elements inside an extra wrapper div, which is between the opening and closing form tag. For this case you can add the div by checking the box.","In seltenen Fällen wird ein extra Container über alle Formular-Elemente benötigt, welche sich zwischen dem öffnenden und schließenden form tag befindet. Für diesen Fall kann der Container durch anklicken der Box hinzugefügt werden.",,site/modules/FrontendForms/FrontendForms.module,31d74429df3f5c9334d1f91751e0f73e
"Add a CSS class to to the extra wrapper div","Eine CSS-Klasse zu diesem extra Container hinzufügen",,site/modules/FrontendForms/FrontendForms.module,dca03e2707a55b83d6d2eb3aa549ff24
"By default, an unique id will be added, but if you need a special styling class, you can enter the name of the class in this field.","Standardmäßig wird eine einzigartige ID hinzugefügt, aber wenn Sie zur Gestaltung des Containers eine spezielle CSS-Klasse benötigen, dann können Sie diese in das Feld eintragen.",,site/modules/FrontendForms/FrontendForms.module,fddbf871807bca492cfdce44610e6f71
"Output rendering","Ausgabe rendern",,site/modules/FrontendForms/FrontendForms.module,e22428c686e2484d13fe958b6dd96ded
"Select if you want to use a framework for rendering the form or not","Wählen Sie aus, ob Sie ein CSS-Framework für die Formularausgabe nutzen möchten oder nicht",,site/modules/FrontendForms/FrontendForms.module,b8ab6902234d473780a27431e7c004fe
"No framework",Keines,,site/modules/FrontendForms/FrontendForms.module,672c694e3c32de003ed77fa07f6420cc
"Append the label after the input tag on checkboxes and radios","Den Label-Tag nach dem Input Tag bei Checkboxen und Radio Buttons anzeigen",,site/modules/FrontendForms/FrontendForms.module,3d40631076ed8bbd19e7aaa78cd4f123
"Append label on checkboxes","Label bei Checkboxen nach dem Input Tag anzeigen",,site/modules/FrontendForms/FrontendForms.module,cf44c50f0e34ccaa350623b45fb893ab
"Append label on radio buttons","Label bei Radio Buttons nach dem Input Tag anzeigen",,site/modules/FrontendForms/FrontendForms.module,0e575171cddf029c5b9fdc05725397cc
"By default, radio and checkbox tags are wrapped by their label tag. If you want to append the label tag after the input tag, please check the appropriate box.","Standardmäßig werden Checkboxen und Radio Buttons mit dem Label Tag umgeben. Wenn Sie aber möchten, dass der Label Tag erst nach dem Input Tag angezeigt wird, dann markieren Sie die entsprechende Box.",,site/modules/FrontendForms/FrontendForms.module,420b58ba111ac466843ceb296be2b1c4
"Custom CSS classes","Eigene CSS Klassen",,site/modules/FrontendForms/FrontendForms.module,2aa8d951a33a4ede2260e61e9030b6d7
"You can overwrite each CSS class with your own class name(s). If you want to add multiple classes at the same time please separate them with a whitespace (fe class1 class2).","Sie können jede CSS-Klasse mit Ihren eigenen Klassennamen überschreiben. Wenn Sie mehrere Klassen gleichzeitig hinzufügen möchten, trennen Sie diese bitte mit einem Leerzeichen (z. B. Klasse1 Klasse2).",,site/modules/FrontendForms/FrontendForms.module,89c12578095929b622dee02997775ec3
"CSS class for the %s","CSS Klasse für %s",,site/modules/FrontendForms/FrontendForms.module,3e17fd7790ba1feceace786e775d2ba7
"Current class","Aktuelle Klasse",,site/modules/FrontendForms/FrontendForms.module,e7a61cfa8747480af7070c6f8e63c812
"Remove stylesheets and scripts","Stylesheets und Skripte entfernen",,site/modules/FrontendForms/FrontendForms.module,0b6d45e98b7b1d82cb6fd88cedff9ce0
"Javascript setting","JavaScript Einstellung",,site/modules/FrontendForms/FrontendForms.module,c454d41006c3a47ef050056608a6b7d9
"Remove frontendforms.js from template","Die Einbindung der JavaScript Datei frontendform.js beim Template unterbinden",,site/modules/FrontendForms/FrontendForms.module,408055a818bddf79f9d303fca270a4d4
"A small JavaScript, which will be needed for some features of the form, will added before the closing body tag on the frontend by default . You can remove the embedding of the script file by checking the box.","Ein kleines JavaScript, welches für einige Funktionen des Formulars benötigt wird, wird standardmäßig vor dem schließenden Body-Tag im Frontend hinzugefügt. Sie können die Einbettung der Skriptdatei unterbinden, indem Sie das Kontrollkästchen aktivieren.",,site/modules/FrontendForms/FrontendForms.module,f8c5c0586999c8b4768cbcdcc65f1ee3
"CSS setting","CSS Einstellungen",,site/modules/FrontendForms/FrontendForms.module,6bfa90ae9f841ec2adedb46975347afd
"Remove frontendforms.css from template","Die Einbindung der CSS-Datei frontendforms.css beim Template unterbinden",,site/modules/FrontendForms/FrontendForms.module,40332d3353119c2a3709b3207527f745
"A small CSS file for the forms will be added to the template by default. You can remove the embedding of the CSS file by checking the box.","Standardmäßig wird im Frontend eine kleine CSS-Datei für die Formulare hinzugefügt. Sie können die Einbettung der CSS-Datei unterbinden, indem Sie das Kontrollkästchen aktivieren.",,site/modules/FrontendForms/FrontendForms.module,a0a34efcb7026e3f77c8e54472b84fd8
"Email settings","E-Mail Einstellungen",,site/modules/FrontendForms/FrontendForms.module,5386484801d01d2ece73fbc5f605f739
"HTML email template setting","HTML E-Mail Template Einstellungen",,site/modules/FrontendForms/FrontendForms.module,7ba64fb164e72d97660308b67acfefbe
"no HTML template","kein HTML Template",,site/modules/FrontendForms/FrontendForms.module,7a646761a1d8fa416125a58d609c221d
"Choose whether you want to use the HTML template for your emails and if so, which one.","Entscheiden Sie, ob Sie ein HTML Template für Ihre E-Mails verwenden wollen, oder nicht",,site/modules/FrontendForms/FrontendForms.module,cebf3687d25bd4915ed8816bf8f91604
"If you are using FrontendForms with the PW WireMail class to send emails, you can use a HTML email template by adding the mailTemplate() method to the WireMail object.","Wenn Sie FrontendForms mit der Klasse PW WireMail zum Senden von E-Mails verwenden, können Sie eine HTML-E-Mail-Vorlage verwenden, indem Sie die Methode mailTemplate() zum WireMail-Objekt hinzufügen.",,site/modules/FrontendForms/FrontendForms.module,2737ac0f04ec455318d9f1b38fb4e8e1
"Date format",Datumsformat,,site/modules/FrontendForms/FrontendForms.module,534fd46732986cba0efeda8701592427
"fe. Y-m-d","z.B. Y-m-d",,site/modules/FrontendForms/FrontendForms.module,11775982c70c55a70765a0a3e82ecc41
"Enter a global date format which can be used for date strings in email templates.","Geben Sie ein globales Datumsformat ein, welches für Datumsangaben in E-Mail-Vorlagen verwendet werden kann.",,site/modules/FrontendForms/FrontendForms.module,72283172f716e7c34b35b50ff698535f
"Time format",Zeitformat,,site/modules/FrontendForms/FrontendForms.module,08d069d5db8652e62598ac3a655f95d8
"fe. H:i","z.B H:i",,site/modules/FrontendForms/FrontendForms.module,5f370f31237cf69ef9557bb195412608
"Enter a global time format which can be used for time strings in email templates.","Geben Sie ein globales Zeitformat ein, welches für Zeitangaben in E-Mail-Vorlagen verwendet werden kann.",,site/modules/FrontendForms/FrontendForms.module,e198ef21e8a32d2793314a7ddc09d72a
"Data privacy settings","Datenschutz Einstellungen",,site/modules/FrontendForms/FrontendForms.module,3d68b09877695bf8ec9113899ff693ad
"Privacy policy page","Seite für die Datenschutz Richtlinien",,site/modules/FrontendForms/FrontendForms.module,3b75aac75dc5f26614dab746da7b081d
"Select the page which contains your privacy policy.","Bitte wählen Sie die Seite aus, welche die Datenschutz Richtlinien enthält.",,site/modules/FrontendForms/FrontendForms.module,0173fcee477397758380b28828c54433
"The link to this page will be used inside the Privacy class for generating the ""Accept the privacy policy"" checkbox.","Der Link zu dieser Seite wird innerhalb der Privacy Klasse für die Erstellung der ""Datenschutz Richtlinie  akzeptieren"" Checkbox genutzt.",,site/modules/FrontendForms/FrontendForms.module,b2037d2cf34d31283e27629ce628a7b1
"Spam protection and security settings for the forms","Spamschutz und Sicherheitseinstellungen für die Formulare",,site/modules/FrontendForms/FrontendForms.module,d948b0979419edaaf3ede78b08431a01
"Make your global settings for spam protection and security. Most of the settings can be overwritten on per form base if needed.","Nehmen Sie Ihre globalen Einstellungen für Spamschutz und Sicherheit vor. Die meisten Einstellungen können bei Bedarf pro Formular überschrieben werden.",,site/modules/FrontendForms/FrontendForms.module,c7ba82e5e96eb3b6e938a23b4c6b604f
"Measure 1: Restrict number of failed attempts","Maßnahme 1: Anzahl der Fehlversuche einschränken",,site/modules/FrontendForms/FrontendForms.module,5bfa0474e524b8ae2987579a69cc4dfd
"Max number of failed attempts","Maximale Anzahl fehlgeschlagener Versuche",,site/modules/FrontendForms/FrontendForms.module,e446ef24e3fe0ea378879d31137081d6
"Please set the max number of failed attempts for submitting a form.","Bitte legen Sie die maximal erlaubte Anzahl fehlgeschlagener Versuche zum Absenden eines Formulars fest.",,site/modules/FrontendForms/FrontendForms.module,12aed548ee688777aedc68a3ffeaa02d
"If set to 0 then this feature is disabled. After reaching the limit the user will be blocked by using a session and all browser windows have to be closed to remove the blocking.","Wenn auf 0 gesetzt, ist diese Funktion deaktiviert. Nach Erreichen des Limits wird der Benutzer für die aktuelle Sitzung blockiert und alle Browserfenster müssen geschlossen werden, um die Blockierung aufzuheben.",,site/modules/FrontendForms/FrontendForms.module,754b0201c107af8438c3fc0dff871d81
"Log IPs of blocked visitors","IP-Adressen blockierter Besucher loggen",,site/modules/FrontendForms/FrontendForms.module,f61c8434d727f79a4ed033ae983a64b9
"If the box is checked, an entry with the IP address of the visitor, the form id and the date will be stored in the logfiles after the visitor was blocked.","Wenn diese Box markiert ist, dann wird ein Eintrag mit der IP-Adresse des Besuchers, der Formular ID und dem Datum in die Log-Dateien geschrieben, sobald ein Besucher gesperrt wurde.",,site/modules/FrontendForms/FrontendForms.module,b5df7d3e871c3e99fe9235b5e95ab2fe
"Please note, that you have to inform your users in your privacy policy, that the IP address will be stored in this case.","Bitte beachten Sie, dass Sie Ihre Nutzer in Ihrer Datenschutzerklärung darauf hinweisen müssen, dass in diesem Fall die IP-Adresse gespeichert wird.",,site/modules/FrontendForms/FrontendForms.module,78a1cef918f4226af7097ed07914ea7d
"Measure 2: Time-trap - Measuring time until form submission","Maßnahme 2: Zeitfalle – Messung der Zeit bis zum Absenden des Formulars",,site/modules/FrontendForms/FrontendForms.module,5504982d2bb660c3327806054dc09d5c
"Min time before form submission","Mindestzeit für das Absenden des Formulars",,site/modules/FrontendForms/FrontendForms.module,c18393d954f62604d9f34be940b2b4ab
"Please set the min time in seconds before a form should be submitted.","Bitte legen Sie die Mindestzeit in Sekunden fest, bevor ein Formular abgesendet werden darf.",,site/modules/FrontendForms/FrontendForms.module,0485473a9712015f60760549e57e2c6d
"If set to 0 then this feature is disabled. This feature measures the time between loading and submitting a form. If it is to fast (fe a spam bot) it will lead to a form error. ","Wenn auf 0 gesetzt, ist diese Funktion deaktiviert. Diese Funktion misst die Zeit zwischen dem Laden und Absenden eines Formulars. Wenn es zu schnell abgesendet wird (z. B. ein Spam-Bot), führt dies zu einem Formularfehler.",,site/modules/FrontendForms/FrontendForms.module,7c7ae07258f9227ba85f1f8ee9e005eb
"Max time until form submission","Maximale Zeit bis zum Absenden des Formulars",,site/modules/FrontendForms/FrontendForms.module,5622c3cbb7ef8c0fae9e2e28120a2e38
"Please set the max time in seconds until a form should be submitted.","Bitte stellen Sie die maximale Zeit in Sekunden ein, bis zu der ein Formular abgesendet werden muss.",,site/modules/FrontendForms/FrontendForms.module,9e3909f2bb5f12b4b6b4514d23f41bdf
"If set to 0 then this feature is disabled. This feature measures the time between loading and submitting a form. If it is to slow (fe a spam bot analyzing the form) it will lead to a form error. ","Wenn auf 0 gesetzt, ist diese Funktion deaktiviert. Diese Funktion misst die Zeit zwischen dem Laden und Absenden eines Formulars. Wenn die Zeitspanne zu lange ist (z. B. wenn ein Spam-Bot das Formular analysiert), führt dies zu einem Formularfehler.",,site/modules/FrontendForms/FrontendForms.module,d31721ec7a27f1cd09ec10f10cebf88f
"Measure 3: Honeypot field","Maßnahme 3: Honeypot field",,site/modules/FrontendForms/FrontendForms.module,4320c93ec048c331f3ad3e101522f505
"Add honeypot field to form","Ein Honeypot-Feld zum Formular hinzufügen",,site/modules/FrontendForms/FrontendForms.module,81644780bcc7945b7e9a887d8c959f4b
"If the box is checked, an invisible honeypot field for spam protection will be added to the form.","Wenn die Box markiert ist, dann wird ein unsichtbares Honeypot-Feld als Spam-Schutz zum Formular hinzugefügt.",,site/modules/FrontendForms/FrontendForms.module,ccc4f0013866de7c16f450c3697e17e5
"It is recommended to use a honeypot field. Disable this feature only if you have a good reason to do so.","Es wird empfohlen das Honeypot-Feld zu verwenden. Deaktivieren Sie diese Funktion nur, wenn Sie einen wirklich guten Grund dazu haben.",,site/modules/FrontendForms/FrontendForms.module,27dd2d676c95f2a4eb948201642370cf
"Measure 4: Using IP blacklist","Maßnahme 4: IP-Blacklist verwenden",,site/modules/FrontendForms/FrontendForms.module,4f534cf37ae3780a28e420034d067e92
"Check IP of visitors","Die IP-Adresse von Besuchern überprüfen",,site/modules/FrontendForms/FrontendForms.module,938c38d175ad8e62e626c1cde8188ab9
"Enable checking of visitors IP against blacklist","Die Prüfung der Besucher IP-Adressen in Bezug auf die Blacklist aktivieren",,site/modules/FrontendForms/FrontendForms.module,df6cc1214358a05197841883566dc289
"You can prevent IP addresses from viewing your forms, if they might be harmful to your site. By checking/unchecking the box, you can enable/disable the checking against the blacklist.","Sie können IP-Adressen, welche möglicherweise Schaden auf der Seite verursachen könnten, von der Anzeige der Formulare ausschließen. Durch ankreuzen/entfernen des Hakens bei der Box können sie die Prüfung aktivieren oder unterbinden.",,site/modules/FrontendForms/FrontendForms.module,98c877cac3653e94f97c9bafcbc1b769
"This only works, if there is at least 1 entry in the next input field","Dies funktioniert aber nur, sofern mindestens 1 Eintrag im nächsten Eingabefeld vorhanden ist",,site/modules/FrontendForms/FrontendForms.module,55f5519cb2dac23306b2462b50f77aa2
"Blacklist of forbidden IPs","Blacklist der verbotenen IP-Adressen",,site/modules/FrontendForms/FrontendForms.module,dfe3af10424e82fb310981855ad187b8
"Please enter every IP address on a new line. Every visit of an IP address listed below prevents the form to be rendered on the frontend. Visitors see an alert box instead, that informs about the banned IP address.","Bitte geben Sie jede IP-Adresse in einer neuen Zeile ein. Jeder Besuch einer unten aufgeführten IP-Adresse verhindert die Darstellung des Formulars im Frontend. Besucher sehen stattdessen eine Meldung, die über die gesperrte IP-Adresse informiert.",,site/modules/FrontendForms/FrontendForms.module,581afc9021929d07a2eaf6015e23df2e
"Tip: You can take a look at the logfile for failed login attempts and enter fe. IP addresses that appear very often. Works only if logging failed attempts is enabled.","Tipp: Sie können sich die Logdatei für fehlgeschlagene Anmeldeversuche ansehen und dort z. IP-Adressen herausfiltern, die sehr häufig vorkommen . Funktioniert nur, wenn die Protokollierung fehlgeschlagener Versuche aktiviert ist.",,site/modules/FrontendForms/FrontendForms.module,ac2812338c71d2f2dee5988591a7758a
"(disabled: Please enable GD lib to enable CAPTCHA support)","(deaktiviert: Bitte aktivieren Sie GD lib um CAPTCHAs verwenden zu können)",,site/modules/FrontendForms/FrontendForms.module,0c18fdfd8f844b5490c3cc306b661716
"Measure 5: CAPTCHA","Maßnahme 5: CAPTCHA",,site/modules/FrontendForms/FrontendForms.module,9119b3ae6e7f3e3cc764b332e5c4b0f3
"Basic settings",Grundeinstellungen,,site/modules/FrontendForms/FrontendForms.module,93d74901738e996378295fb0a59bb977
"Use a CAPTCHA","Ein CAPTCHA verwenden",,site/modules/FrontendForms/FrontendForms.module,8edddf79a5b26d52c5d88d5df2ef5c53
"Choose whether you want to use a CAPTCHA and if so what kind.","Wählen Sie aus, ob Sie ein CAPTCHA verwenden möchten und wenn ja, welches.",,site/modules/FrontendForms/FrontendForms.module,e9df51855a34a5fc76ac19ae2feb3a01
"No CAPTCHA","Kein CAPTCHA",,site/modules/FrontendForms/FrontendForms.module,b23bb4764e36673626f332b94178c5ec
"Most visitors do not like CAPTCHAS, so it is recommended to use it only if you have problems with spam. If a CAPTCHA is enabled and you want to disable it on a certain form, please use the following method:","Die meisten Besucher mögen keine CAPTCHAS, daher wird empfohlen, sie nur zu verwenden, wenn Sie Probleme mit Spam haben. Wenn ein CAPTCHA aktiviert ist und Sie es auf einem bestimmten Formular deaktivieren möchten, verwenden Sie bitte die folgende Methode:",,site/modules/FrontendForms/FrontendForms.module,adef035ce4d4b3a4429ad4f3816e0c9f
"Image width",Bildbreite,,site/modules/FrontendForms/FrontendForms.module,6fed80a8c8ded2f5e14a687e4a443abc
"Please enter the width of the CAPTCHA image.","Bitte geben Sie die Breite des CAPTCHA-Bildes ein.",,site/modules/FrontendForms/FrontendForms.module,d3d1465e3f3487c41ab326e01b1af0f5
"Image height",Bildhöhe,,site/modules/FrontendForms/FrontendForms.module,2aa3aa9d021c7cfffb5afa08f52fbc51
"Please enter the height of the CAPTCHA image.","Bitte geben Sie die Höhe des CAPTCHA-Bildes ein.",,site/modules/FrontendForms/FrontendForms.module,31ae3fed05208e141c7d53e5ba81f7b3
"Image background settings","Einstellungen für den Bildhintergrund",,site/modules/FrontendForms/FrontendForms.module,ee19916811cfab5d6de311e94d3c49a9
"Set the styling of the background for the CAPTCHA image.","Legen Sie das Design des Hintergrunds für das CAPTCHA-Bild fest.",,site/modules/FrontendForms/FrontendForms.module,1d44ca6ef8dd52497b29a9c37f76eaf2
"Random or custom colors","Zufällige oder benutzerdefinierte Farben",,site/modules/FrontendForms/FrontendForms.module,f25c9776cc2d89abe89e9fa7f2281652
"Select if you want to use (a) certain color(s) or (a) random color(s) for the background.","Wählen Sie aus, ob Sie (eine) bestimmte Farbe(n) oder (eine) zufällige(n) Farbe(n) für den Hintergrund verwenden möchten.",,site/modules/FrontendForms/FrontendForms.module,71c08e5d1f7f44044a094b39bf5e565a
"If you want to adapt the color(s) to your project design, it is recommended to use custom color(s) instead of random.","Wenn Sie die Farbe(n) an Ihr Projektdesign anpassen möchten, wird empfohlen, benutzerdefinierte Farbe(n) anstelle von zufälligen Farben zu verwenden.",,site/modules/FrontendForms/FrontendForms.module,55d725efd297c4b468dc7518cc40eb82
"Custom color(s)","Benutzerdefinierte Farbe(n)",,site/modules/FrontendForms/FrontendForms.module,ebabdd05abebec507a4c6ef7146dcaba
"Random color(s)","Zufällige Farbe(n)",,site/modules/FrontendForms/FrontendForms.module,d120d366f6a0e5056d21f11cc3559ff9
"Number of colors","Anzahl der Farben",,site/modules/FrontendForms/FrontendForms.module,99274ce1196f2c3e23a38225b8bbed64
"Select how much random colors should be used for the background","Wählen Sie aus, wie viele zufällige Farben für den Hintergrund verwendet werden sollen",,site/modules/FrontendForms/FrontendForms.module,587cc4e09504f450da1a3b95a6092fe9
"If set to 0, then there is no limit for the colors, but it is recommended not to set the value too high. A good starting point will be 5.","Wenn der Wert auf 0 gesetzt ist, gibt es keine Begrenzung für die Farben, aber es wird empfohlen, den Wert nicht zu hoch einzustellen. Ein guter Ausgangspunkt ist 5.",,site/modules/FrontendForms/FrontendForms.module,9b8f7d9269ac6709628797704e7a4b77
"The color(s) for the background","Die Farbe(n) für den Hintergrund",,site/modules/FrontendForms/FrontendForms.module,9b046f93a31816c966e27f64b05d9cd7
"Set the colors for the background in HEX color format (fe #ddd). Each color must be written on a new line.","Geben Sie die Farben für den Hintergrund im HEX-Farbformat ein (zB #ddd). Jede Farbe muss in eine neue Zeile geschrieben werden.",,site/modules/FrontendForms/FrontendForms.module,76fe7dd3b8f82c279b2763d6ca04bc22
"At least one color is required, but it is recommended to use more than 1 color to make the background more inhomogeneous and therefore more difficult for spam bots to read the content","Mindestens eine Farbe ist erforderlich. Es wird jedoch empfohlen, mehr als 1 Farbe zu verwenden, um den Hintergrund inhomogener zu gestalten und somit für Spam-Bots das Lesen des Inhalts zu erschweren.",,site/modules/FrontendForms/FrontendForms.module,3ba79bd84460b3fc81eebc4843037163
"Character settings",Zeichen-Einstellungen,,site/modules/FrontendForms/FrontendForms.module,afed711430f187894468d6b1f4aa183d
"Set the styling of the text (character string or calculation) based on your own preferences.","Legen Sie die Gestaltung des Textes (Zufallstext oder Berechnung) nach Ihren eigenen Vorlieben fest.",,site/modules/FrontendForms/FrontendForms.module,283c028cbe75c4877a15759ac4930553
"Refresh all font files","Aktualisieren Sie alle Schriftartdateien",,site/modules/FrontendForms/FrontendForms.module,472cc19d33b43f35dcd12ec4cb24caa7
"Font family",Schriftart,,site/modules/FrontendForms/FrontendForms.module,4c0ff9700cc0ef77c92b2627bdcd1fb8
"Select the font family for the text.","Wählen Sie die Schriftart für den Text aus.",,site/modules/FrontendForms/FrontendForms.module,8f4bd2facb32186e5968770712baddd0
"If there are no files available in the input field or you have transferred the site, please click the button below to refresh all font files.","Wenn im Eingabefeld keine Dateien verfügbar sind oder Sie die Seite übertragen haben, klicken Sie bitte auf die Schaltfläche unten, um alle Schriftartdateien zu aktualisieren.",,site/modules/FrontendForms/FrontendForms.module,8c521358e299e7318acc203ed1db0ea1
"Font size",Schriftgröße,,site/modules/FrontendForms/FrontendForms.module,c4943062b634c56348c67fdebba808eb
"Set the font size for the text.","Legen Sie die Schriftgröße für den Text fest.",,site/modules/FrontendForms/FrontendForms.module,60973eb094a3786a796064423aa20426
"Font color",Schriftfarbe,,site/modules/FrontendForms/FrontendForms.module,ad32ba59a021a0d085e49b3659b49a61
"Set the color for the text.","Legen Sie die Schriftfarbe für den Text fest.",,site/modules/FrontendForms/FrontendForms.module,27809ad6c5bcee11ff20693795d45b0c
"Please enter a valid HEX color code.","Bitte geben Sie einen gültigen HEX-Farbcode ein.",,site/modules/FrontendForms/FrontendForms.module,ffa799e120c7103672b4557e76df0f8a
Characterset,Zeichensatz,,site/modules/FrontendForms/FrontendForms.module,5f3ecf11d83ac2aa0b53a9bbeea203d0
"Enter the characters, that should be used to create a random text for CAPTCHAS.","Geben Sie die Zeichen ein, die verwendet werden sollen, um einen zufälligen Text für CAPTCHAS zu erstellen.",,site/modules/FrontendForms/FrontendForms.module,6a85062d0c804b4c5adf43fa1ca5aed5
"Number of characters","Anzahl der Zeichen",,site/modules/FrontendForms/FrontendForms.module,c1a1e703a48e07a079ac1ccb0f0d8aa0
"Enter the number of character you want the text to consist of (A recommended value is 4 or 5).","Geben Sie die Anzahl der Zeichen ein, aus denen der Text bestehen soll (ein empfohlener Wert ist 4 oder 5).",,site/modules/FrontendForms/FrontendForms.module,fb1c8d142fac600867b13d5f067ed462
"Characters not in one line","Zeichen nicht in einer Zeile",,site/modules/FrontendForms/FrontendForms.module,15a582488065b792fb92fe9386197434
"Position characters randomly","Zeichen per Zufallsprinzip positionieren",,site/modules/FrontendForms/FrontendForms.module,860dc181140a829f649a0755ae31d021
"If checked, the characters the text consists of will not be displayed in one line. They will be displayed randomly in various positions and angles (recommended).","Wenn diese Option aktiviert ist, werden die Zeichen, aus denen der Text besteht, nicht in einer Zeile angezeigt. Sie werden zufällig in verschiedenen Positionen und Winkeln angezeigt (empfohlen).",,site/modules/FrontendForms/FrontendForms.module,c37d99f65e8e2085868792f5e1f4b5ff
"Distortion lines",Verzerrungslinien,,site/modules/FrontendForms/FrontendForms.module,4beb44eafdd5231978423b469bd971a1
"Add distortion lines over the image to make it more difficult for spam bots to read the content.","Fügen Sie Verzerrungslinien über dem Bild hinzu, um Spam-Bots das Lesen des Inhalts zu erschweren.",,site/modules/FrontendForms/FrontendForms.module,e7e24b0cf5186dc4c18173adbd031c94
"Number of distortion lines","Anzahl der Verzerrungslinien",,site/modules/FrontendForms/FrontendForms.module,8519b96a86ba24b5f6883b8200b91b9f
"Set how many lines should be drawn over the image.","Wählen Sie aus, wieviele Linien über das Bild gezogen werden sollen.",,site/modules/FrontendForms/FrontendForms.module,72d25d42255fc8d96adbfd4c5e9ba8f2
"If set to 0 then this feature is disabled. Max number is 100. You can enter the number in steps of 5. Afterwards check it on the frontend by refreshing the CAPTCHA multiple times, if the amount of lines is too low or to high.","Wenn der Wert auf 0 gesetzt wird, dann ist diese Funktion deaktiviert. Die maximale Anzahl ist 100. Sie können die Anzahl in 5er-Schritten eingeben. Überprüfen Sie anschließend im Frontend, indem Sie das CAPTCHA mehrmals aktualisieren, ob die Anzahl der Zeilen zu niedrig oder zu hoch ist.",,site/modules/FrontendForms/FrontendForms.module,14e239cd93d64e4390ed975a753bfaf3
"Select if you want to use (a) certain color(s) or (a) random color(s) for the lines.","Wählen Sie aus, ob Sie (eine) bestimmte Farbe(n) oder (eine) zufällige Farbe(n) für die Linien verwenden möchten.",,site/modules/FrontendForms/FrontendForms.module,491a6cac8541cc78d7925c3ceef7f024
"Custom colors","Benutzerdefinierte Farben",,site/modules/FrontendForms/FrontendForms.module,4d242c36821c23128c3179f40c446885
"Random colors","Zufällige Farben",,site/modules/FrontendForms/FrontendForms.module,62bb385691974ed7640884c322b44caa
"Select how much random colors should be used for the lines.","Wählen Sie aus, wie viele zufällige Farben für die Linien verwendet werden sollen.",,site/modules/FrontendForms/FrontendForms.module,f630b4caba21e4aaffa8ae4f44336dd5
"If you enter the value 0, then the number of colors used is equal to the number of distortion lines. On the other hand, the entered value corresponds to the number of colors that are used.","Wenn Sie den Wert 0 eingeben, entspricht die Anzahl der verwendeten Farben der Anzahl der Verzerrungslinien. Andererseits entspricht der eingegebene Wert der Anzahl der verwendeten Farben.",,site/modules/FrontendForms/FrontendForms.module,84b49b3ce15277fa4de2a0f77d0fe387
"The color(s) for the lines above the image","Die Farbe(n) für die Linien über dem Bild",,site/modules/FrontendForms/FrontendForms.module,b9907f099940b663fa9e076f641480cd
"Set the colors for the lines in HEX color format (fe #000). Each color must be written on a new line.","Geben Sie die Farben für die Linien im HEX-Farbformat ein (zB #000). Jede Farbe muss in eine neue Zeile geschrieben werden.",,site/modules/FrontendForms/FrontendForms.module,5e91bb7b7d7257ccb7a9c60771ef7012
"At least one color is required, but it is recommended to use more than 1 color to make the lines more inhomogeneous and therefore more difficult for spam bots to read the content.","Mindestens eine Farbe ist erforderlich, es wird jedoch empfohlen, mehr als 1 Farbe zu verwenden, um die Linien inhomogener zu gestalten und somit für Spam-Bots das Lesen des Inhalts zu erschweren.",,site/modules/FrontendForms/FrontendForms.module,511caa2f1e3219908a3597d4f5288adf
"Image filters",Bildfilter,,site/modules/FrontendForms/FrontendForms.module,48bcdf367c079bbfc5f5233f6432bd9e
"Add filters to images to make it more difficult to identify the content.","Fügen Sie Filter zu Bildern hinzu, um die Erkennung des Inhalts zu erschweren.",,site/modules/FrontendForms/FrontendForms.module,6dd9fd1b2f363d2d5c5e8365f429891f
Blur,Verwischen,,site/modules/FrontendForms/FrontendForms.module,8b52de510bc5497ac43abfe566be48ab
"Blur the image by selecting the blur value: The higher the value, the stronger the blur effect.","Verwischen Sie das Bild, indem Sie den Unschärfewert auswählen: Je höher der Wert, desto stärker der Unschärfeeffekt.",,site/modules/FrontendForms/FrontendForms.module,bbef5aa6cc8511a8edca9773fa084861
"If you enter the value 0, then the blur effect is disabled. The maximum value is 10.","Wenn Sie den Wert 0 eingeben, wird der Blur-Effekt deaktiviert. Der Maximalwert beträgt 10.",,site/modules/FrontendForms/FrontendForms.module,7d80c2f87c30b8aa210c4bb6650f4a1a
Pixelate,Verpixeln,,site/modules/FrontendForms/FrontendForms.module,ede099ef4618afd096177ccb467e265e
"Pixelate the image by selecting the pixelate value: The higher the value, the stronger the pixelate effect.","Verpixeln Sie das Bild, indem Sie den Verpixelungswert auswählen: Je höher der Wert, desto stärker der Verpixelungseffekt.",,site/modules/FrontendForms/FrontendForms.module,b2dad63dabd1b3e13d1da4808e29ef1e
"If you enter the value 0, then the pixelate effect is disabled. The maximum value is 5.","Wenn Sie den Wert 0 eingeben, wird der Pixeleffekt deaktiviert. Der Maximalwert beträgt 5.",,site/modules/FrontendForms/FrontendForms.module,bbe0703acd4b287327a3656e78aca3dc
Grayscale,Graustufen,,site/modules/FrontendForms/FrontendForms.module,d3f6975213fb5546d8486b54b025dbd7
"Remove colors from the image","Entfernen Sie Farben aus dem Bild",,site/modules/FrontendForms/FrontendForms.module,4aa81c1497ba7c1440416a9141c944ed
"By clicking the box, all colors of the image will be removed.","Durch Anklicken des Kästchens werden alle Farben des Bildes entfernt.",,site/modules/FrontendForms/FrontendForms.module,7aee2ffca0b08af0d124bbfb2a4cfa4d
"Measure 6: Password field settings","Maßnahme 6: Passwortfeldeinstellungen",,site/modules/FrontendForms/FrontendForms.module,5ee3e61a7f764ca8a3bd077cf845e39b
"Increase site security by checking passwords against a blacklist of popular passwords. This is useful if you offer user registration on your site to prevent users entering unsafe passwords.","Erhöhen Sie die Sicherheit Ihrer Website, indem Sie Passwörter mit einer Blacklist beliebter Passwörter vergleichen. Dies ist nützlich, wenn Sie eine Benutzerregistrierung auf Ihrer Website anbieten, um zu verhindern, dass Benutzer unsichere Passwörter verwenden.",,site/modules/FrontendForms/FrontendForms.module,133caad862ece632e59451e3b1cd6c07
"Password blacklist","Passwörter Blacklist",,site/modules/FrontendForms/FrontendForms.module,1d7943b0b5369c708f0b1940e07ae03e
"Enter passwords, that are forbidden (each on a new line).","Geben Sie Passwörter ein, die verboten sind (jeder Eintrag in einer neuen Zeile).",,site/modules/FrontendForms/FrontendForms.module,0d115dd1fb4cf58b2ec6dc7822f3a88c
"This list will be used by the ""safePassword"" validator to validate a password field against unsafe passwords.","Diese Liste wird vom ""safePassword""-Validator verwendet, um ein Passwortfeld gegen unsichere Passwörter zu validieren.",,site/modules/FrontendForms/FrontendForms.module,ce1c6c0ced054ae23a321c48b45ac302
"The validator returns false, if the password was found on the blacklist, otherwise true.","Der Validator gibt false zurück, wenn das Passwort auf der Blacklist gefunden wurde, ansonsten true.",,site/modules/FrontendForms/FrontendForms.module,b6cf1acd91e352816808c3913e07c5d1
"The list will be populated automatically with appropriate passwords from the top 100 passwords list below, but you can add your own passwords too - They will not get overwritten during the blacklistlist update.","Die Liste wird automatisch mit den passenden Passwörtern aus der Top-100-Passwortliste weiter unten abgeglichen, aber Sie können auch Ihre eigenen Passwörter hinzufügen – diese werden während der Aktualisierung der Blacklist nicht überschrieben.",,site/modules/FrontendForms/FrontendForms.module,d790ea07d2e07faf567a50419d39dca2
"Current number of entries in the blacklist: %s.","Aktuelle Anzahl der Einträge in der Blacklist: %s.",,site/modules/FrontendForms/FrontendForms.module,993f2e329f72b2d0870250b5c50f5d73
"Last update of the blacklist: %s.","Letzte Aktualisierung der Blacklist: %s.",,site/modules/FrontendForms/FrontendForms.module,bb2213b318964547475f73f3fb953dc0
"List of top 100 most common passwords","Liste der 100 häufigsten Passwörter",,site/modules/FrontendForms/FrontendForms.module,1a2221effd2dd07046ab56d166bcce74
"The passwords in the list below are unsafe and a serious security issue for each account on your site.","Die Passwörter in der folgenden Liste sind unsicher und stellen ein ernsthaftes Sicherheitsproblem für jedes Konto auf Ihrer Website dar.",,site/modules/FrontendForms/FrontendForms.module,6b79473f36991081d423f6513a123adf
"All passwords were taken from %s (Open Web Application Security Project).","Alle Passwörter wurden von %s (Open Web Application Security Project) übernommen.",,site/modules/FrontendForms/FrontendForms.module,d0b42da605a0606ecd8fa960841ce7af
"Source of the passwords: %s","Quelle der Passwörter: %s",,site/modules/FrontendForms/FrontendForms.module,77c85a1a4109581578458405b756c2e9
"Please note:","Bitte beachten Sie:",,site/modules/FrontendForms/FrontendForms.module,46889411c124e301871882ff4073fc92
"Only passwords that matches your password requirements will be added to the blacklist after pressing the update button or during the automatic update.","Nur Passwörter, die Ihren Passwortanforderungen entsprechen, werden nach dem Drücken des Update-Button oder während des automatischen Updates zur Blacklist hinzugefügt.",,site/modules/FrontendForms/FrontendForms.module,59b1ad05932fd2b86fc45b0e09b198df
"Passwords which do not fulfill your password requirements, do not need to be on the list and will be filtered out before. The blacklist should be as short as possible to prevent performance issues.","Passwörter, welche Ihre Passwortanforderungen nicht erfüllen, müssen nicht auf der Liste stehen und werden vorher ausgefiltert. Die Blacklist sollte so kurz wie möglich sein, um Performance-Probleme zu vermeiden.",,site/modules/FrontendForms/FrontendForms.module,458339b982f4d2daa634c9b1e9d089fb
"If your blacklist is very long, it would be better to increase the password requirements.","Sollte Ihre Blacklist sehr lang sein, so wäre es ratsam, die Passwortanforderungen zu erhöhen.",,site/modules/FrontendForms/FrontendForms.module,a25acf3cd1f2fdd333d1303edb97e150
"If no passwords from this list will be added does not mean that it would not work - it means that your password requirements are high enough to filter out all of these passwords before.","Wenn keine Passwörter aus dieser Liste zur Blacklist hinzugefügt werden, bedeutet das nicht, dass es nicht funktionieren würde – es bedeutet, dass Ihre Passwortanforderungen hoch genug sind, um alle diese Passwörter vorher herauszufiltern.",,site/modules/FrontendForms/FrontendForms.module,f9fbc00e63ce069fc76155e22f858b11
"Current password requirements settings:","Aktuelle Einstellungen für Passwortanforderungen:",,site/modules/FrontendForms/FrontendForms.module,96823f990b24a8434d6f384f886cac1f
"A password must contain at least one of the following characters:","Ein Passwort muss mindestens eines der folgenden Zeichen enthalten:",,site/modules/FrontendForms/FrontendForms.module,27c0974a7e22792e2c0e27e54f96e9c6
"To the password field edit page","Zur Bearbeitungsseite des Passwortfeldes",,site/modules/FrontendForms/FrontendForms.module,ae7850d0d0d0551097e9f426b2bfde13
here,hier,,site/modules/FrontendForms/FrontendForms.module,6c92285fa6d3e827b198d120ea3ac674
"If you have the permission to change the password requirements, you can do it %s.","Wenn Sie die Berechtigung haben, die Passwortanforderungen zu ändern, können Sie dies %s tun.",,site/modules/FrontendForms/FrontendForms.module,845532b7dd03d16d0343c17a7311c660
"The password list will be checked once a month automatically if something has been changed on GitHub.","Die Passwortliste wird einmal im Monat automatisch überprüft, ob sich auf GitHub etwas geändert hat.",,site/modules/FrontendForms/FrontendForms.module,93cbe1827920bbdd2573c4ae92a7950c
"Last download date: %s (%s).","Datum des letzten Downloads: %s (%s).",,site/modules/FrontendForms/FrontendForms.module,28ecd261247fe6c61a385d3ab4fc2685
"Last modification date on GitHub: %s (%s).","Datum der letzten Änderung auf GitHub: %s (%s).",,site/modules/FrontendForms/FrontendForms.module,b96ea78424deca4e1032adb0802d1412
"Last check for passwords date: %s (%s).","Datum der letzten Passwortprüfung: %s (%s).",,site/modules/FrontendForms/FrontendForms.module,22c7c49c85ed49c7858df6c8cb21edc5
"After the check, all passwords that fulfill your password requirements and are not on your blacklist, will be added automatically.","Nach der Prüfung werden alle Passwörter, die Ihre Passwortanforderungen erfüllen und nicht auf Ihrer Blacklist stehen, automatisch zu dieser hinzugefügt.",,site/modules/FrontendForms/FrontendForms.module,6bc6e0d1f764efb00040aac49eaaec53
"You do not need to add them manually.","Sie müssen diese nicht manuell hinzufügen.",,site/modules/FrontendForms/FrontendForms.module,e3ffe31b2046f8826e95d725ebaef1fd
"If you do not want to wait until the next automatic update, you can update your blacklist manually by pressing the button below.","Wenn Sie nicht bis zur nächsten automatischen Aktualisierung warten möchten, können Sie Ihre Blacklist manuell aktualisieren, indem Sie auf den Button ""Blacklist manuell aktualisieren"" klicken.",,site/modules/FrontendForms/FrontendForms.module,e912e71e62f77e3fffe781d3c91974fd
"Update blacklist manually","Blacklist manuell aktualisieren",,site/modules/FrontendForms/FrontendForms.module,6329ceb780aab5da57c1c79443c73c39
"Top 100 most common passwords in %s (Last list update on GitHub: %s)","Die 100 häufigsten Passwörter in %s (Letzte Aktualisierung der Liste auf GitHub: %s)",,site/modules/FrontendForms/FrontendForms.module,417a20d3e4484f039e5b24f93d03da6e
"Passwords with a colored background are on your blacklist.","Passwörter mit einem farbigen Hintergrund befinden sich bereits auf Ihrer Blacklist.",,site/modules/FrontendForms/FrontendForms.module,99de8df35b1830663c49b938281472c3
"Sorry, but the file passwords.txt does not exist. Please press the update button above.","Leider existiert die Datei passwords.txt nicht. Bitte klicken Sie oben auf den ""Blacklist manuell aktualisieren"" Button.",,site/modules/FrontendForms/FrontendForms.module,572d75e94ed50b9994a0d578b2c553ce
"Measure 7: HTML5 browser validation","Maßnahme 7: HTML5 Browser Validierung",,site/modules/FrontendForms/FrontendForms.module,9d9f46a2c4ba5210752aef4b7d02a010
"Use HTML5 browser validation in addition to server side validation.","Verwenden Sie zusätzlich zur serverseitigen Validierung die HTML5-Browservalidierung",,site/modules/FrontendForms/FrontendForms.module,24f55ddac7dd6ef394098749b8a036c8
"Enable HTML5 browser validation in addition to the server side validation.","Aktivieren Sie die HTML5-Browservalidierung zusätzlich zur serverseitigen Validierung.",,site/modules/FrontendForms/FrontendForms.module,c5a17e8c2b7f04018408ec66aa34c363
"Enable HTML 5 browser validation","Aktivieren Sie die HTML 5-Browservalidierung",,site/modules/FrontendForms/FrontendForms.module,42042bf663dfeb3433bc58011513377f
"If the box is checked, the form will be validated by the browser at the frontend using HTML5 attributes","Wenn das Kontrollkästchen aktiviert ist, wird das Formular vom Browser im Frontend mithilfe von HTML5-Attributen validiert",,site/modules/FrontendForms/FrontendForms.module,12bdfe265ea4f08d713dc1e7531573d8
"The form will be validated on the server in any case, but you can also use HTML5 browser validation so that the form values are validated before they are sent to the server.","Das Formular wird in jedem Fall auf dem Server validiert, aber Sie können auch die HTML5-Browservalidierung verwenden, damit die Formularwerte auch validiert werden, bevor sie an den Server gesendet werden.",,site/modules/FrontendForms/FrontendForms.module,b78ab1cd18483245a5ab325e6b209ed0
"Statistics of blocked visitors","Statistiken blockierter Besucher",,site/modules/FrontendForms/FrontendForms.module,8f2bb91c583e42fa3e2b720a6c8a192f
"Get information about blocked visitors (IP, form) from the log files","Lassen Sie sich Informationen über blockierte Besucher (IP-Adresse, Formular) aus den Log-Dateien anzeigen",,site/modules/FrontendForms/FrontendForms.module,af58911ece7a676214c04009bdf307f6
"Nothing to show - logfile does not exist","Es gibt leider nichts anzuzeigen - Die Log-Datei existiert nicht.",,site/modules/FrontendForms/FrontendForms.module,ceb9f0db8a96d4c417d41c44f465a2e6
"Logging of failed attempts is not enabled. If you want to use this feature, you need to enable it inside ""Measure 1: Restrict number of failed attempts"".","Die Protokollierung von Fehlversuchen ist nicht aktiviert. Wenn Sie diese Funktion nutzen möchten, müssen Sie diese in ""Maßnahme 1: Anzahl der Fehlversuche einschränken"" aktivieren.",,site/modules/FrontendForms/FrontendForms.module,33c59b12a511c6aa18139beefd6860cb
"""Max number of failed attempts"" must be higher than 0 and  the checkbox ""Log failed attempts"" must be enabled.","Die ""Maximale Anzahl der Fehlversuche"" muss größer als 0 sein und das Kontrollkästchen ""Fehlversuche protokollieren"" muss aktiviert sein.",,site/modules/FrontendForms/FrontendForms.module,5635cc4f8b96d3c90275341be0068233
"Go to the settings to enable logging of failed attemtps","Gehen Sie zu den Einstellungen, um die Protokollierung fehlgeschlagener Versuche zu aktivieren",,site/modules/FrontendForms/FrontendForms.module,460d997b9205d3a198de11fdb0a23c14
en,de,description,file,hash
Gender,Anrede,,site/modules/FrontendForms/Formelements/Inputelements/Select/defaults/Gender.php,019ec3132cdf8ee0f2e2a75cf5d3e459
"Please select","Bitte auswählen",,site/modules/FrontendForms/Formelements/Inputelements/Select/defaults/Gender.php,992eda0d64a430fa5c7925d23ef9d0a3
Mister,Herr,,site/modules/FrontendForms/Formelements/Inputelements/Select/defaults/Gender.php,c4f448df316abb13eb7eada722c57902
Miss,Frau,,site/modules/FrontendForms/Formelements/Inputelements/Select/defaults/Gender.php,e7ddb7cd777b59610b220bcfa80bd95f
Diverse,Divers,,site/modules/FrontendForms/Formelements/Inputelements/Select/defaults/Gender.php,e67561dfc51195ce1ac515406291900e
en,de,description,file,hash
"Please do not upload files larger than %s","Bitte laden Sie keine Dateien hoch, die größer als %s sind",,site/modules/FrontendForms/Formelements/Inputelements/Inputfields.php,d8b0ef2b22e79194c0cb1e79340e6767
"Allowed file types: %s","Erlaubte Dateitypen: %s",,site/modules/FrontendForms/Formelements/Inputelements/Inputfields.php,a0072ad6390e4bf1839ad0ede52c2e69
"%s should only contain letters","%s darf nur Buchstaben enthalten",,site/modules/FrontendForms/Formelements/Inputelements/Inputfields.php,1200911cc09227463a876a1e56e34536
"%s should only contain letters and numbers","%s darf nur Buchstaben und Zahlen enthalten",,site/modules/FrontendForms/Formelements/Inputelements/Inputfields.php,4083de02c277bb0425f3aa9bad2332d0
"%s should only contain ascii characters","%s darf nur ASCII-Zeichen enthalten",,site/modules/FrontendForms/Formelements/Inputelements/Inputfields.php,9dde428a87d3efada8d9a0c198ac0edd
"%s should only contain letters, numbers, underscores or hyphens","%s darf nur Buchstaben, Zahlen, Unterstriche oder Bindestriche enthalten",,site/modules/FrontendForms/Formelements/Inputelements/Inputfields.php,fbb7405f1ba06168450a02769a5e518e
"%s should be a valid URL starting with http:// or https://","%s muss eine gültige URL beginnend die mit http:// oder https:// sein",,site/modules/FrontendForms/Formelements/Inputelements/Inputfields.php,120dffae912cfa02a117a7684bed3c95
"%s should be a valid email address","%s muss eine gültige E-Mail-Adresse sein",,site/modules/FrontendForms/Formelements/Inputelements/Inputfields.php,b250e98dcbdfaed9ef7c189ee93dbdd9
"%s should only numbers (integers or floats)","%s darf nur Zahlen (Ganz- oder Kommazahlen) enthalten",,site/modules/FrontendForms/Formelements/Inputelements/Inputfields.php,e66d38c251a0c16f1f48e5b31e87669b
"%s should only contain integers","%s darf nur Ganzzahlen enthalten",,site/modules/FrontendForms/Formelements/Inputelements/Inputfields.php,175b959de6b30258c49097a92d3b3957
"%s should only contain a valid IP address in the format x.x.x.x","%s darf nur eine gültige IP-Adresse im Format x.x.x.x enthalten",,site/modules/FrontendForms/Formelements/Inputelements/Inputfields.php,0b7dbda7a3f1f8322681cca8107c4e86
"%s should only contain a valid IPv4 address in the format x.x.x.x","%s darf nur eine gültige IPv4-Adresse im Format x.x.x.x enthalten",,site/modules/FrontendForms/Formelements/Inputelements/Inputfields.php,a0d61e675ea7f8e7b05398a8b1a65cb9
"%s should only contain a valid IPv6 address in the format x:x:x:x:x:x:x:x","%s darf nur eine gültige IPv6-Adresse im Format x:x:x:x:x:x:x:x enthalten",,site/modules/FrontendForms/Formelements/Inputelements/Inputfields.php,c524413c58ede6f4029283b534da7846
"%s contains not allowed characters. Please use only letters, numbers, underscores, periods, hyphens and @signs (no whitespaces)","%s enthält unzulässige Zeichen. Bitte verwenden Sie nur Buchstaben, Zahlen, Unterstriche, Punkte, Bindestriche und @-Zeichen (keine Leerzeichen)",,site/modules/FrontendForms/Formelements/Inputelements/Inputfields.php,aae770c1602b57559f3b60fd530b0373
"%s should only contain a valid date in the format %s","%s darf nur ein gültiges Datum im Format %s enthalten",,site/modules/FrontendForms/Formelements/Inputelements/Inputfields.php,d8c7bf5cd88682b17b9f4b1eba991f92
"%s contains an invalid value","%s enthält einen ungültigen Wert",,site/modules/FrontendForms/Formelements/Inputelements/Inputfields.php,bb4345694f2874fabb71ab8e01c48df6
"%s should contain the exact value %s","%s muss genau den Wert %s enthalten",,site/modules/FrontendForms/Formelements/Inputelements/Inputfields.php,5023212f0c2560a1dfd4a1547f2e738c
"%s should not contain the value %s","%s darf nicht den Wert %s enthalten",,site/modules/FrontendForms/Formelements/Inputelements/Inputfields.php,5bf4df175a2c543ba607e1f8e8ffcd65
"%s should only contain a valid week in the format YYYY-Www","%s muss eine gültige Woche im Format YYYY-Www enthalten",,site/modules/FrontendForms/Formelements/Inputelements/Inputfields.php,b5636cc5ae7dc2e4495ac2dd2adada93
"%s should only contain a valid month in the format YYYY-MM","muss ein gültiges Monat im Format YYYY-MM enthalten",,site/modules/FrontendForms/Formelements/Inputelements/Inputfields.php,e1c152c6ff80439f69e2db72bb3ade3b
"%s should be a valid HEX code in the format #XXX or #XXXXXX","%s muss ein gültiger Hexadecimal Code im Format #XXX oder #XXXXXX sein",,site/modules/FrontendForms/Formelements/Inputelements/Inputfields.php,98be58eb3446f813bc644faac5e42264
en,de,description,file,hash
"File upload","Datei Upload",,site/modules/FrontendForms/Formelements/Inputelements/Inputs/InputFile.php,c4265549c1f4d79aea1e279149a6a084
"Select files","Wählen Sie die Dateien aus",,site/modules/FrontendForms/Formelements/Inputelements/Inputs/InputFile.php,1afe200fa26ba361f59b603b22ad6392
"Clear the input field","Das Datei-Upload-Feld leeren",,site/modules/FrontendForms/Formelements/Inputelements/Inputs/InputFile.php,86a135398368af9fbb0a9d3f966e3706
en,de,description,file,hash
"Show password","Passwort anzeigen",,site/modules/FrontendForms/Formelements/Inputelements/Inputs/InputPassword.php,a1cc7ba89ca3016cf59d7c31506a9681
"The password must be at least %s characters and must contain characters of the following categories: %s.","Das Passwort muss mindestes %s Zeichen lang sein und folgende Zeichen enthalten: %s.",,site/modules/FrontendForms/Formelements/Inputelements/Inputs/InputPassword.php,8bc6641f570b88866300ca703223bf6b
"The password must be at least %s characters.","Das Passwort muss mindestes %s Zeichen lang sein.",,site/modules/FrontendForms/Formelements/Inputelements/Inputs/InputPassword.php,3d55c273179acb11e30d1a53f8d8625e
en,de,description,file,hash
Language,Sprache,,site/modules/FrontendForms/Formelements/Inputelements/Select/defaults/Language.php,4994a8ffeba4ac3140beb89e8d41f174
en,de,description,file,hash
"To the page","Zur Seite",,site/modules/FrontendForms/Formelements/Textelements/Link.php,bea7931fd2f2e37616d0be40dd825860
en,de,description,file,hash
Message,Nachricht,,site/modules/FrontendForms/Formelements/Inputelements/Textarea/defaults/Message.php,4c2a8fe7eaf24721cc7a9f0175115bd4
en,de,description,file,hash
Name,Vorname,,site/modules/FrontendForms/Formelements/Inputelements/Inputs/defaults/Name.php,49ee3087348e8d44e1feda1917443987
en,de,description,file,hash
Password,Passwort,"set default label",site/modules/FrontendForms/Formelements/Inputelements/Inputs/defaults/Password.php,dc647eb65e6711e155375218212b3964
en,de,description,file,hash
"Password Confirmation","Passwort Bestätigung","set default label",site/modules/FrontendForms/Formelements/Inputelements/Inputs/defaults/PasswordConfirmation.php,c2b7527a6421ad4a0c0089d87290d1cd
en,de,description,file,hash
"I accept the privacy policy","Ich akzeptiere die Datenschutzrichtlinien",,site/modules/FrontendForms/Formelements/Inputelements/Inputs/defaults/Privacy.php,28f678f8feb29d236b6dfcb02190ba21
"You have to accept our privacy policy","Sie müssen die Datenschutzrichtlinien akzeptieren",,site/modules/FrontendForms/Formelements/Inputelements/Inputs/defaults/Privacy.php,9a5b98e025ebe5fd1adbddccc94ad638
"Privacy Policy",Datenschutz-Richtlinien,,site/modules/FrontendForms/Formelements/Inputelements/Inputs/defaults/Privacy.php,fa2ead697d9998cbc65c81384e6533d5
"To the Privacy Policy page","Zur Seite mit den Datenschutz-Richtlininen",,site/modules/FrontendForms/Formelements/Inputelements/Inputs/defaults/Privacy.php,2b91037b0240c93155085ce8c0768cb9
en,de,description,file,hash
"Reverse string captcha","Umgekehrter Text Captcha",,site/modules/FrontendForms/Formelements/Captcha/variants/ReverseTextCaptcha.php,d8c8728824019c0866b958d0b2562edd
"Enter the text from the image in reverse order into the input field (from right to left).","Geben Sie den Text aus dem Bild in umgekehrter Reihenfolge (von rechts nach links) in das Eingabefeld ein.",,site/modules/FrontendForms/Formelements/Captcha/variants/ReverseTextCaptcha.php,167b8554feab7647d47863b05a0da92f
en,de,description,file,hash
"Send a copy of my message to me","Eine Kopie dieser Nachricht an mich senden",,site/modules/FrontendForms/Formelements/Inputelements/Inputs/defaults/SendCopy.php,7313e5cce02f10d1d6a22dea1aedc9eb
en,de,description,file,hash
"Math captcha","Mathematik Captcha",,site/modules/FrontendForms/Formelements/Captcha/variants/SimpleMathTextCaptcha.php,d0995c2ec8c5df0820426833eb777396
"Enter the result of the calculation in the input field.","Geben Sie das Ergebnis der Berechnung in das Eingabefeld ein.",,site/modules/FrontendForms/Formelements/Captcha/variants/SimpleMathTextCaptcha.php,dc841e6076d43a6c8b03338a39a97e68
en,de,description,file,hash
Subject,Betreff,,site/modules/FrontendForms/Formelements/Inputelements/Inputs/defaults/Subject.php,c7892ebbb139886662c6f2fc8c450710
en,de,description,file,hash
Surname,Nachname,,site/modules/FrontendForms/Formelements/Inputelements/Inputs/defaults/Surname.php,8e55577a8ed3b20bff65d23c000280d4
en,de,description,file,hash
Username,Benutzername,,site/modules/FrontendForms/Formelements/Inputelements/Inputs/defaults/Username.php,f6039d44b29456b20f8f373155ae4973
